runtime,mean_mse,mean_cos,min_cos,mean_rel_err
lcpp-kv-8,0.16803231262889515,0.9979601789752414,0.9917981027537632,0.05872885236678954
lcpp-kv-4,3.7740945363584935,0.9477064417652538,0.8586847158402964,0.31778518524946553
tq-2,28.8278502385928,0.6450247803107464,0.14196153017767743,0.7923322607675063
tq-3,17.91272870118751,0.7413069916148041,0.16128993216031945,0.6528909240707459
tq-4,7.1263201138118735,0.9032353001160048,0.5623783255234571,0.3868623574996695
tq-K4V3,8.597717485424582,0.8796594088142866,0.4901527882239665,0.44427122881443865
tqp-3,28.8278502385928,0.6450247803107464,0.14196153017767743,0.7923322607675063
tqp-4,17.91272870118751,0.7413069916148041,0.16128993216031945,0.6528909240707459
